fdc_id,description,kcal,pro,carb,fat
321358,"Hummus, commercial",229.0,7.35,14.9,17.1
321360,"Tomatoes, grape, raw",27.0,0.83,5.51,0.63
321611,"Beans, snap, green, canned, regular pack, drained solids",21.0,1.04,4.11,0.39
323121,"Frankfurter, beef, unheated",314.0,11.7,2.89,28.0
323294,"Nuts, almonds, dry roasted, with salt added",620.0,20.4,16.2,57.8
323505,"Kale, raw",35.0,2.92,4.42,1.49
323604,"Egg, whole, raw, frozen, pasteurized",150.0,12.3,0.91,10.3
323697,"Egg, white, raw, frozen, pasteurized",48.0,10.1,0.74,0.16
323793,"Egg, white, dried",376.0,79.9,6.02,0.65
324317,"Onion rings, breaded, par fried, frozen, prepared, heated in oven",288.0,4.52,36.3,14.4
324653,"Pickles, cucumber, dill or kosher dill",12.0,0.48,1.99,0.43
325036,"Cheese, parmesan, grated",421.0,29.6,12.4,28.0
325198,"Cheese, pasteurized process, American, vitamin D fortified",366.0,18.0,5.27,30.6
325287,"Grapefruit juice, white, canned or bottled, unsweetened",37.0,0.55,7.59,0.7
325430,"Peaches, yellow, raw",42.0,0.91,10.1,0.27
325524,"Seeds, sunflower seed kernels, dry roasted, with salt added",612.0,21.0,17.1,56.1
326196,"Kale, frozen, cooked, boiled, drained, without salt",36.0,2.94,5.3,1.21
326698,"Mustard, prepared, yellow",61.0,4.25,5.3,3.38
327046,"Kiwifruit, green, raw",58.0,1.06,14.0,0.44
327357,"Nectarines, raw",39.0,1.06,9.18,0.28
328637,"Cheese, cheddar",408.0,23.3,2.44,34.0
328841,"Cheese, cottage, lowfat, 2% milkfat",84.0,11.0,4.31,2.3
329370,"Cheese, mozzarella, low moisture, part-skim",298.0,23.7,4.44,20.4
329490,"Egg, whole, dried",575.0,48.1,1.87,39.8
329596,"Egg, yolk, raw, frozen, pasteurized",296.0,15.6,0.59,25.1
329716,"Egg, yolk, dried",654.0,34.2,1.07,55.5
330137,"Yogurt, Greek, plain, nonfat",61.0,10.3,3.64,0.37
330415,"Yogurt, Greek, strawberry, nonfat",83.0,8.06,12.2,0.15
330458,"Oil, coconut",833.0,0.0,0.84,99.1
331897,"Chicken, broilers or fryers, drumstick, meat only, cooked, braised",156.0,23.9,0.0,5.95
331960,"Chicken, broiler or fryers, breast, skinless, boneless, meat only, cooked, braised",166.0,32.1,0.0,3.24
332282,"Sauce, pasta, spaghetti/marinara, ready-to-serve",45.0,1.41,8.05,1.48
332397,"Ham, sliced, pre-packaged, deli meat (96%fat free, water added)",106.0,16.7,0.27,3.73
332791,"Olives, green, Manzanilla, stuffed with pimiento",130.0,1.15,4.96,12.9
333008,"Cookies, oatmeal, soft, with raisins",430.0,5.79,69.6,14.3
333281,"Tomatoes, canned, red, ripe, diced",18.0,0.84,3.32,0.5
333374,"Fish, haddock, raw",74.0,16.3,0.0,0.45
333476,"Fish, pollock, raw",56.0,12.3,0.0,0.41
334194,"Fish, tuna, light, canned in water, drained solids",90.0,19.0,0.08,0.94
334536,"Restaurant, Chinese, fried rice, without meat",174.0,3.84,32.5,3.19
334628,"Restaurant, Latino, tamale, pork",174.0,7.38,15.8,9.04
334720,"Restaurant, Latino, pupusas con frijoles (pupusas, bean)",229.0,5.59,31.5,9.01
746758,"Beef, loin, tenderloin roast, separable lean only, boneless, trimmed to 0"" fat, select, cooked, roasted",176.0,27.7,0.0,6.36
746759,"Beef, loin, top loin steak, boneless, lip-on, separable lean only, trimmed to 1/8"" fat, choice, raw",155.0,22.8,0.0,6.39
746760,"Beef, round, eye of round roast, boneless, separable lean only, trimmed to 0"" fat, select, raw",122.0,23.4,0.0,2.48
746761,"Beef, round, top round roast, boneless, separable lean only, trimmed to 0"" fat, select, raw",123.0,23.7,0.0,2.41
746762,"Beef, short loin, porterhouse steak, separable lean only, trimmed to 1/8"" fat, select, raw",145.0,22.7,0.0,5.32
746763,"Beef, short loin, t-bone steak, bone-in, separable lean only, trimmed to 1/8"" fat, choice, cooked, grilled",219.0,27.3,0.0,11.4
746764,"Carrots, frozen, unprepared",37.0,0.81,7.92,0.47
746765,"Cheese, dry white, queso seco",326.0,24.5,2.07,24.3
746766,"Cheese, ricotta, whole milk",157.0,7.81,6.86,11.0
746767,"Cheese, swiss",393.0,27.0,1.44,31.0
746768,"Figs, dried, uncooked",249.0,3.3,63.9,0.92
746769,"Lettuce, cos or romaine, raw",17.0,1.24,3.24,0.26
746770,"Melons, cantaloupe, raw",34.0,0.82,8.16,0.18
746771,"Oranges, raw, navels",47.0,0.91,11.8,0.15
746772,"Milk, lowfat, fluid, 1% milkfat, with added vitamin A and vitamin D",43.0,3.38,5.18,0.95
746773,"Pears, raw, bartlett",57.0,0.38,15.1,0.16
746774,"Restaurant, Chinese, sweet and sour pork",260.0,8.88,25.5,13.6
746776,"Milk, nonfat, fluid, with added vitamin A and vitamin D (fat free or skim)",34.0,3.43,4.92,0.08
746777,"Sauce, salsa, ready-to-serve",29.0,1.44,6.74,0.19
746778,"Milk, reduced fat, fluid, 2% milkfat, with added vitamin A and vitamin D",50.0,3.36,4.9,1.9
746779,"Sausage, breakfast sausage, beef, pre-cooked, unprepared",328.0,13.3,3.37,28.7
746780,"Sausage, Italian, pork, mild, cooked, pan-fried",322.0,18.2,2.15,26.2
746781,"Sausage, pork, chorizo, link or ground, cooked, pan-fried",346.0,19.3,2.63,28.1
746782,"Milk, whole, 3.25% milkfat, with added vitamin D",60.0,3.27,4.63,3.2
746783,"Sausage, turkey, breakfast links, mild, raw",169.0,16.7,0.93,10.4
746784,"Sugars, granulated",385.0,0.0,99.6,0.32
746785,"Turkey, ground, 93% lean, 7% fat, pan-broiled crumbles",220.0,27.1,0.0,11.6
746952,"Ham, sliced, restaurant",121.0,19.6,2.36,3.68
747429,"Cheese, American, restaurant",375.0,17.5,6.35,31.1
747447,"Broccoli, raw",31.0,2.57,6.27,0.34
747693,"Ketchup, restaurant",117.0,1.11,26.8,0.55
747997,"Eggs, Grade A, Large, egg white",55.0,10.7,2.36,0.0
748236,"Eggs, Grade A, Large, egg yolk",334.0,16.2,1.02,28.8
748967,"Eggs, Grade A, Large, egg whole",148.0,12.4,0.96,9.96
749420,"Pork, cured, bacon, cooked, restaurant",500.0,40.9,2.1,36.5
789890,"Flour, wheat, all-purpose, enriched, bleached",366.0,10.9,77.3,1.48
789951,"Flour, wheat, all-purpose, enriched, unbleached",358.0,13.1,73.2,1.48
790018,"Flour, wheat, all-purpose, unenriched, unbleached",362.0,12.0,74.6,1.7
790085,"Flour, whole wheat, unenriched",370.0,15.1,71.2,2.73
790146,"Flour, bread, white, enriched, unbleached",363.0,14.3,72.8,1.65
790214,"Flour, rice, white, unenriched",359.0,6.94,79.8,1.3
790276,"Flour, corn, yellow, fine meal, enriched",364.0,6.2,80.8,1.74
790577,"Onions, red, raw",44.0,0.94,9.93,0.1
790646,"Onions, yellow, raw",38.0,0.83,8.61,0.05
1104647,"Garlic, raw",143.0,6.62,28.2,0.38
1104705,"Flour, soy, defatted",366.0,51.1,32.9,3.33
1104766,"Flour, soy, full-fat",452.0,38.6,27.9,20.7
1104812,"Flour, rice, brown",365.25,7.19,75.5,3.85
1104867,"Flour, rice, glutinous",358.0,6.69,80.1,1.16
1104913,"Flour, pastry, unenriched, unbleached",358.0,8.75,77.2,1.64
1104962,"Onions, white, raw",35.0,0.89,7.68,0.13
1105073,"Bananas, overripe, raw",85.0,0.73,20.1,0.22
1105314,"Bananas, ripe and slightly ripe, raw",97.0,0.74,23.0,0.29
1750339,"Apples, red delicious, with skin, raw",55.622745,0.1875,14.7817,0.2125
1750340,"Apples, fuji, with skin, raw",58.20306,0.1484375,15.6511625,0.1625
1750341,"Apples, gala, with skin, raw",54.866865,0.1328125,14.7680875,0.15
1750342,"Apples, granny smith, with skin, raw",52.958085,0.265625,14.142975,0.1375
1750343,"Apples, honeycrisp, with skin, raw",54.033225,0.1015625,14.6819375,0.1
1999626,"Mushroom, lion's mane",35.107387,2.5,7.5897,0.2563
1999627,"Mushroom, oyster",33.31965,2.89875,6.94125,0.1875
1999628,"Mushrooms, shiitake",36.3915875,2.414375,8.170625,0.195
1999629,"Mushrooms, white button",24.8732585,2.890625,4.079375,0.3708
1999630,"Soy milk, unsweetened, plain, shelf stable",38.485,3.546875,1.293125,2.125
1999631,"Almond milk, unsweetened, plain, shelf stable",14.5562,0.5546875,0.3371125,1.221
1999632,"Spinach, baby",20.72851125,2.851875,2.406325,0.6188
1999633,"Spinach, mature",21.5796975,2.90625,2.64135,0.6044
1999634,"Tomato, roma",18.95436075,0.695625,3.837475,0.425
2003586,"Flour, 00",365.610744,11.4,74.4462,1.52
2003587,"Flour, spelt, whole grain",340.5831,14.475,70.723,2.543
2003588,"Flour, semolina, coarse and semi-coarse",365.0310665,11.73125,73.82345,1.597
2003589,"Flour, semolina, fine",365.9569125,13.33125,71.98575,1.838
2003590,"Apple juice, with added vitamin C, from concentrate, shelf stable",47.231814,0.0859375,11.3639625,0.2863
2003591,"Orange juice, no pulp, not fortified, from concentrate, refrigerated",45.723,0.734375,10.340625,0.325
2003592,"Grape juice, purple, with added vitamin C, from concentrate, shelf stable",64.513952,0.2578125,15.6227875,0.2875
2003593,"Grape juice, white, with added vitamin C, from concentrate, shelf stable",64.64055,0.09375,15.84375,0.265
2003594,"Cranberry juice, not fortified, from concentrate, shelf stable",31.298775,0.0,7.26375,0.3375
2003595,"Grapefruit juice, red, not fortified, not from concentrate, refrigerated",39.830778,0.5703125,9.1021875,0.2669
2003596,"Tomato juice, with added ingredients, from concentrate, shelf stable",19.92788125,0.859375,4.320625,0.2875
2003597,"Orange juice, no pulp, not fortified, not from concentrate, refrigerated",44.960839,0.8125,10.0124,0.3563
2003598,"Mushroom, portabella",26.024813,2.75,4.6583,0.3117
2003599,"Mushroom, king oyster",38.460412,2.40625,8.50065,0.3075
2003600,"Mushroom, enoki",36.7150215,2.416875,8.141425,0.245
2003601,"Mushroom, crimini",23.722638,3.09375,4.01455,0.1967
2003602,"Mushroom, maitake",30.9734625,2.203125,6.604375,0.265
2003603,"Mushroom, beech",32.995442,2.18,6.7593,0.4494
2003604,"Mushroom, pioppini",31.236476,3.5,5.7637,0.24
2257044,"Soy milk, sweetened, plain, refrigerated",40.705,2.776875,2.996125,1.957
2257045,"Almond milk, unsweetened, plain, refrigerated",19.33,0.65625,0.67075,1.558
2257046,"Oat milk, unsweetened, plain, refrigerated",48.3298,0.796875,5.100325,2.749
2258586,"Carrots, mature, raw",44.978589,0.94125,10.26755,0.3506
2258587,"Carrots, baby, raw",38.250983,0.805,9.0787,0.1375
2258588,"Peppers, bell, green, raw",19.692148,0.715,4.7781,0.1063
2258589,"Peppers, bell, yellow, raw",26.58104025,0.819375,6.601725,0.1211
2258590,"Peppers, bell, red, raw",26.98843175,0.895625,6.653175,0.1256
2258591,"Peppers, bell, orange, raw",27.38430325,0.881875,6.703125,0.1556
2259792,"Buttermilk, low fat",42.9180362,3.464978,4.811522,1.081
2259793,"Yogurt, plain, whole milk",77.3185458,3.824172,5.574928,4.484
2259794,"Yogurt, Greek, plain, whole milk",94.507135,8.77888,4.75402,4.394
2259795,"Cheese, parmesan, grated, refrigerated",404.763418,30.13912,4.33188,29.5
2259796,"Cheese, feta, whole milk, crumbled",273.472498,19.70782,5.58318,19.08
2261420,"Flour, almond",577.62536,26.24375,16.24925,50.23
2261421,"Flour, oat, whole grain",386.429275,13.16875,69.91725,6.309
2261422,"Flour, potato",352.682197,8.1125,79.9422,0.9513
2262072,"Peanut butter, creamy",589.383006,23.99124,22.70376,49.43
2262073,"Sesame butter, creamy",648.374268,19.7054,14.179,62.4
2262074,"Almond butter, creamy",602.510076,20.78734,21.23666,53.04
2262075,"Flaxseed, ground",514.44343,18.0359,34.3551,37.28
2346384,"Cottage cheese, full fat, large or small curd",104.574374,11.62436,4.59964,4.225
2346385,"Cream cheese, full fat, block",336.73206,5.78985,4.55615,33.49
2346386,"Cream, heavy",335.8933226,2.017994,3.799506,35.56
2346387,"Cream, sour, full fat",192.7437716,3.070694,5.555506,17.99
2346388,"Lettuce, iceberg, raw",14.455425,0.7425,3.36875,0.07375
2346389,"Lettuce, romaine, green, raw",17.45834025,0.976875,4.055575,0.07125
2346390,"Lettuce, leaf, red, raw",14.68480875,0.883125,3.260575,0.1063
2346391,"Lettuce, leaf, green, raw",18.4931365,1.09375,4.06615,0.1563
2346392,"Nuts, pine nuts, raw",642.99228,15.7039,18.5921,61.27
2346393,"Nuts, almonds, whole, raw",583.597022,21.45038,20.03462,51.09
2346394,"Nuts, walnuts, English, halves, raw",678.66434,14.5644,10.9096,69.74
2346395,"Nuts, pecans, halves, raw",699.59644,9.9587,12.6993,73.28
2346396,"Oats, whole grain, rolled, old fashioned",378.866123,13.49645,68.65755,5.89
2346397,"Oats, whole grain, steel cut",379.2080612,12.51118,69.75082,5.8
2346398,"Pineapple, raw",54.046596,0.4609375,14.0914625,0.2113
2346399,"Cherries, sweet, dark red, raw",63.290775,1.039375,16.163125,0.1925
2346400,"Beans, snap, green, raw",33.5679465,1.96875,7.41245,0.275
2346401,"Potatoes, russet, without skin, raw",80.9523625,2.27375,17.77125,0.36
2346402,"Potatoes, red, without skin, raw",73.373425,2.0625,16.27,0.2475
2346403,"Potatoes, gold, without skin, raw",71.575228,1.8125,15.9624,0.2638
2346404,"Sweet potatoes, orange flesh, without skin, raw",77.35727375,1.578125,17.327875,0.375
2346405,"Celery, raw",14.83215875,0.4921875,3.3165125,0.1625
2346406,"Cucumber, with peel, raw",15.9075,0.625,2.9525,0.1775
2346407,"Cabbage, green, raw",27.8695,0.96125,6.38375,0.2275
2346408,"Cabbage, red, raw",29.943836,1.2425,6.7899,0.2138
2346409,"Strawberries, raw",32.66565,0.640625,7.964375,0.22
2346410,"Raspberries, raw",51.412425,1.008125,12.904375,0.1875
2346411,"Blueberries, raw",57.384621,0.703125,14.571775,0.3063
2346412,"Grapes, red, seedless, raw",77.151876,0.914375,20.196825,0.1638
2346413,"Grapes, green, seedless, raw",71.939325,0.89875,18.60375,0.2325
2346414,"Applesauce, unsweetened, with added vitamin C",46.4205,0.2734375,12.2615625,0.1625
2512371,"Flour, amaranth",377.9609,13.2093,68.7787,6.236
2512372,"Flour, quinoa",378.394015,11.92235,69.52465,6.601
2512373,"Flour, sorghum",363.8590417,8.27277,77.39123,3.586
2512374,"Flour, buckwheat",334.3016028,8.88492,75.01808,2.484
2512375,"Flour, rye",350.962038,8.3952,77.1618,1.908
2512376,"Flour, barley",357.191828,8.72168,77.39832,2.45
2512377,"Flour, cassava",358.55706075,0.918225,87.312975,0.4938
2512378,"Buckwheat, whole grain",331.6005206,11.06534,71.13066,3.039
2512379,"Millet, whole grain",380.6064975,10.02177,74.44623,4.194
2512380,"Rice, brown, long grain, unenriched, raw",368.3584745,7.25305,76.68795,3.306
2512381,"Rice, white, long grain, unenriched, raw",369.637321,7.03885,80.31315,1.033
2514743,"Beef, ground, 90% lean meat / 10% fat, raw",184.8648,18.15625,0.0,12.85
2514744,"Beef, ground, 80% lean meat / 20% fat, raw",242.61,17.53125,0.0,19.44
2514745,"Pork, ground, raw",228.2728,17.80625,0.0,17.49
2514746,"Chicken, ground, with additives, raw",133.0498,17.9125,0.0,7.161
2514747,"Turkey, ground, 93% lean/ 7% fat, raw",152.615,17.34375,0.0,9.591
2515373,"Nuts, brazilnuts, raw",663.586,15.03684,21.64216,57.43
2515374,"Nuts, cashew nuts, raw",564.664,17.4423,36.2887,38.86
2515375,"Nuts, hazelnuts or filberts, raw",641.39,13.4938,26.5012,53.49
2515376,"Peanuts, raw",588.332,23.205,26.498,43.28
2515377,"Flour, chestnut",384.58086,5.28675,80.45025,4.636
2515378,"Nuts, macadamia nuts, raw",711.89,7.7857,24.0943,64.93
2515379,"Nuts, pistachio nuts, raw",597.98,20.5057,27.6943,45.02
2515380,"Seeds, pumpkin seeds (pepitas), raw",554.602,29.9079,18.6751,40.03
2515381,"Seeds, sunflower seed, kernel, raw",609.456,18.8733,24.5007,48.44
2515382,"Flour, coconut",437.684,16.1385,58.9025,15.28
2644281,"Beans, cannellini, dry",345.223,21.5625,59.7955,2.199
2644282,"Chickpeas, (garbanzo beans, bengal gram), dry",382.998,21.275,60.358,6.274
2644283,"Lentils, dry",360.285,23.56875,62.17125,1.925
2644284,"Blackeye pea, dry",354.015,21.225,61.836,2.419
2644285,"Beans, black, canned, sodium added, drained and rinsed",118.361,6.9125,19.8135,1.273
2644286,"Beans, navy, canned, sodium added, drained and rinsed",118.79,6.56875,19.98325,1.398
2644287,"Beans, cannellini, canned, sodium added, drained and rinsed",115.445,7.4125,18.8185,1.169
2644288,"Chickpeas (garbanzo beans, bengal gram), canned, sodium added, drained and rinsed",137.22,7.01875,20.32025,3.096
2644289,"Beans, kidney, dark red, canned, sodium added, sugar added, drained and rinsed",126.624,7.8,21.03,1.256
2644290,"Beans, kidney, light red, canned, sodium added, sugar added, drained and rinsed",126.703,7.30625,21.44675,1.299
2644291,"Peas, green, sweet, canned, sodium added, sugar added, drained and rinsed",80.145,4.734375,12.707625,1.153
2644292,"Beans, pinto, canned, sodium added, drained and rinsed",116.57,6.69375,19.60025,1.266
2644293,"Blackeye pea, canned, sodium added, drained and rinsed",116.0276,6.925,19.1659,1.296
2644294,"Beans, great northern, canned, sodium added, drained and rinsed",116.834,7.03125,19.32875,1.266
2646168,"Pork, loin, boneless, raw",173.72307,21.11875,0.0,9.469
2646169,"Pork, loin, tenderloin, boneless, raw",125.02117,21.58125,0.0,3.899
2646170,"Chicken, breast, boneless, skinless, raw",112.20227,22.525,0.0,1.934
2646171,"Chicken, thigh, boneless, skinless, raw",149.306475,18.6125,0.0,7.916
2646172,"Beef, ribeye, steak, boneless, choice, raw",259.611425,18.74375,0.0,20.04
2646173,"Beef, round, top round, boneless, choice, raw",146.43655,21.475,0.852,5.703
2646174,"Beef, chuck, roast, boneless, choice, raw",237.096894,18.4,0.0,17.8
2646175,"Beef, flank, steak, boneless, choice, raw",169.562744,20.13125,0.0,9.399
2647437,"Yogurt, plain, nonfat",50.07437,4.22675,8.07675,0.0875
2647438,"Cheese, monterey jack, solid",390.73759,22.6171,1.8979,32.63
2647439,"Cheese, pasteurized process cheese food or product, American, singles",307.89587,15.5672,8.1898,23.86
2647440,"Cheese, provolone, sliced",356.900072,23.45288,2.45312,28.13
2647441,"Cheese, oaxaca, solid",298.113882,22.14498,2.40202,22.1
2647442,"Cheese, queso fresco, solid",297.41686,18.8848,2.9572,23.36
2647443,"Cheese, cotija, solid",351.761072,23.83568,2.72432,27.24
2684440,"Fish, salmon, sockeye, wild caught, raw",136.22202,22.3,0.0,4.936
2684441,"Fish, salmon, Atlantic, farm raised, raw",203.10632,20.31875,0.0,13.11
2684442,"Fish, tilapia, farm raised, raw",99.95727,19.0,0.0,2.479
2684443,"Crustaceans, shrimp, farm raised, raw",75.699433,15.56875,0.48495,0.8013
2684444,"Fish, cod, Atlantic, wild caught, raw",70.477065,16.06875,0.0,0.6675
2684445,"Fish, catfish, farm raised, raw",133.787497,16.46875,0.0,7.308
2684446,"Crustaceans, crab, blue swimming, lump, pasteurized, refrigerated",86.021115,18.65,0.0,0.8075
2685568,"Squash, summer, green, zucchini, includes skin, raw",16.0,0.984375,3.27,0.205
2685569,"Squash, summer, yellow, includes skin, raw",19.0,0.890625,4.39,0.135
2685570,"Squash, winter, butternut, raw",48.1323,1.14875,10.50745,0.1675
2685571,"Squash, winter, acorn, raw",48.5625,1.25,10.48,0.1825
2685572,"Cabbage, bok choy, raw",20.259,1.02375,3.51495,0.2338
2685573,"Cauliflower, raw",27.5923,1.640625,4.723075,0.2375
2685574,"Collards, raw",46.894,2.96875,7.02225,0.77
2685575,"Brussels sprouts, raw",59.485,3.984375,9.615625,0.565
2685576,"Beets, raw",40.965255,1.6875,8.787,0.3025
2685577,"Eggplant, raw",22.35856525,0.851875,5.399325,0.12
2685578,"Tomatoes, whole, canned, solids and liquids, with salt added",19.149449,0.8675,4.2874,0.2063
2685579,"Tomato, sauce, canned, with salt added",29.10400125,1.351875,6.331625,0.3825
2685580,"Tomato, paste, canned, without salt added",88.53450625,4.234375,20.188125,0.7325
2685581,"Tomatoes, crushed, canned",32.313665,1.4375,7.137,0.3975
2685582,"Tomato, puree, canned",34.76031875,1.578125,8.036875,0.265
2710815,"Apricot, with skin, raw",43.47915,0.96125,10.23875,0.405
2710816,"Melons, honeydew, raw",32.935251,0.53125,8.14995,0.2163
2710817,"Plantains, ripe, raw",122.789661,1.15625,30.95215,0.8933
2710818,"Plantains, underripe, raw",144.50803225,1.229375,33.587325,0.685
2710819,"Chia seeds, dry, raw",490.09552,17.013,38.273,32.89
2710820,"Bulgur, dry, raw",349.3017225,11.75625,75.88175,2.421
2710821,"Wild rice, dry, raw",358.55263,12.7875,75.6695,1.704
2710822,"Arugula, baby, raw",25.9078525,1.64875,5.36825,0.325
2710823,"Asparagus, green, raw",23.529215,1.4375,5.1012,0.2163
2710824,"Avocado, Hass, peeled, raw",206.0493,1.8125,8.3235,20.31
2710825,"Rice, black, unenriched, raw",360.53871,7.56875,77.18825,3.438
2710826,"Corn, sweet, yellow and white kernels,  fresh, raw",72.85765625,2.789375,14.689625,1.626
2710827,"Einkorn, grain, dry, raw",345.6801839,15.11719,68.65381,3.811
2710828,"Farro, pearled, dry, raw",344.0049964,12.63944,72.13156,3.103
2710829,"Fonio, grain, dry, raw",376.8911025,7.16875,81.30525,1.693
2710830,"Khorasan, grain, dry, raw",347.7914113,14.75573,71.79427,2.8
2710831,"Kiwifruit (kiwi), green, peeled, raw",58.48917,1.008125,13.818075,0.64
2710832,"Mandarin, seedless, peeled, raw",55.640145,1.039375,13.421825,0.4575
2710833,"Mango, Tommy Atkins, peeled, raw",61.635825,0.5625,15.265,0.5725
2710834,"Mango, Ataulfo, peeled, raw",70.638801,0.6875,17.3962,0.6813
2710835,"Corn flour, masa harina, white or yellow, dry, raw",366.03011,7.5625,76.6895,4.34
2710836,"Pear, Anjou, green, with skin, raw",57.320421,0.3125,14.7674,0.3713
2710837,"Plum, black, with skin, raw",52.747095,0.578125,13.455575,0.2825
2710838,"Rice, red, unenriched, dry, raw",359.99995,8.5625,76.1545,3.44
2710839,"Sorghum bran, white, unenriched, dry, raw",364.50325,11.16875,68.69525,9.259
2710840,"Sorghum flour, white, pearled, unenriched, dry, raw",349.558015,10.2125,73.5065,3.238
2710841,"Sorghum grain, white, pearled, unenriched, dry, raw",338.38971,10.25,74.872,3.265
2710842,"Sorghum, whole grain, white, dry, raw",340.98918,10.08125,73.57375,4.219
2710843,"Plantains, overripe, raw",117.29613,1.166875,29.191425,0.99
2727566,"Chicken, drumstick, meat and skin, raw",124.9848,18.35625,-0.47505,5.94
2727567,"Chicken, thigh, meat and skin, raw",187.8848,17.10625,-0.17255,13.35
2727568,"Chicken, wing, meat and skin, raw",167.55,18.40625,-0.45875,10.64
2727569,"Chicken, breast, meat and skin, raw",126.905,21.40625,-0.42825,4.777
2727570,"Lamb, ground, raw",236.6068,17.4625,-0.2508,18.64
2727571,"Bison, ground, raw",158.8468,19.88125,-0.14955,8.88
2727572,"Beef, short loin (NY strip steak), raw",190.0448,21.325,0.2212,11.54
2727573,"Beef, tenderloin steak, raw",143.2,21.09375,0.18025,6.456
2727574,"Beef, top sirloin steak, raw",140.144,21.975,0.218,5.708
2727575,"Pork, chop, center cut, raw",138.275,22.8125,-0.5625,5.475
2727576,"Pork, belly, with skin, raw",380.45,15.2,-0.705,35.83
2747652,"Anchovies, canned in olive oil, with salt, drained",206.065,26.9375,2.4095,9.853
2747653,"Beet greens, raw",26.367,1.609375,4.658825,0.1438
2747654,"Cod, Pacific or Alaskan, frozen, wild caught",60.84,14.2,0.524,0.216
2747655,"Fennel, bulb, raw",26.8924,0.921875,5.486225,0.14
2747656,"Halibut, frozen, wild caught",81.3345,19.0625,-0.0602,0.5917
2747657,"Lobster, tail only, frozen, wild caught",58.8175,12.99375,0.88555,0.3667
2747658,"Mahi mahi, frozen, wild caught",83.7115,19.79375,0.28655,0.3767
2747659,"Parsnips, raw",87.0745,1.265625,19.292275,0.5381
2747660,"Peppers, banana or Hungarian wax, seeded, raw",23.9398,0.723125,4.966175,0.1314
2747661,"Peppers, jalapeno, seeded, raw",24.1264,0.621125,5.075675,0.1488
2747662,"Peppers, poblano, seeded, raw",27.9906,1.425625,5.143175,0.1906
2747663,"Peppers, serrano, seeded, raw",29.233,0.855625,6.136275,0.1406
2747664,"Radicchio, raw",26.3679,1.30875,4.96125,0.1431
2747665,"Radishes, red, raw",19.60045,0.65625,4.05682,0.08313
2747666,"Scallops, bay, Patagonian, frozen, wild caught",78.456,16.3875,2.2833,0.4192
2747667,"Scallops, sea, frozen, wild caught",66.3545,13.5125,1.9662,0.4933
2747668,"Sea bass, Chilean, frozen, wild caught",209.3868,14.925,0.1392,16.57
2747669,"Snapper, frozen, wild caught",89.538,20.6625,0.4413,0.5692
2747670,"Snow crab, legs only, frozen  ",69.223,15.5375,1.1063,0.2942
2747671,"Squid (calamari), frozen, tubes only",43.9108,8.80625,0.93215,0.5508
2747672,"Swordfish, frozen, wild caught",151.855,19.2375,0.4495,8.123
2747673,"Tuna, ahi or yellowfin, frozen, wild caught",101.8695,24.7,-0.1045,0.3875
2747674,"Turnips, raw",33.9816,0.953125,7.274975,0.1188
2747676,"Watermelon, seedless, rind only, raw",19.419,0.53125,4.166,0.07
2768188,"Alaska Pollock, raw",78.4785,17.33,0.0565,0.9925
